"","id","mintars"
"1",33,19.46
"2",33,NA
"3",52,19.4
"4",53,19.4
"5",55,20.3
"6",55,NA
"7",55,NA
"8",59,20.1
"9",65,19.2
"10",85,19.4
"11",85,20
"12",85,19.9
"13",88,19.9
"14",106,NA
"15",106,19.5
"16",106,21.4
"17",106,19.55
"18",106,19.8
"19",107,20
"20",107,19.7
"21",108,NA
"22",108,20.1
"23",112,19.6
"24",112,NA
"25",112,19.4
"26",114,19.55
"27",114,NA
"28",118,20.3
"29",119,NA
"30",119,18.7
"31",119,NA
"32",120,19.9
"33",121,NA
"34",121,20.1
"35",121,20.1
"36",124,NA
"37",124,20.1
"38",124,19.5
"39",126,NA
"40",130,19.7
"41",133,20.5
"42",133,19.5
"43",138,NA
"44",138,19.5
"45",140,20.1
"46",140,19.7
"47",141,NA
"48",141,20
"49",141,NA
"50",141,NA
"51",142,20.2
"52",142,NA
"53",143,20.4
"54",146,NA
"55",146,NA
"56",146,21.2
"57",146,21
"58",148,NA
"59",148,20.7
"60",150,20.1
"61",150,19.5
"62",150,19.1
"63",151,20
"64",154,19.1
"65",154,NA
"66",154,18.8
"67",154,19.1
"68",155,21.1
"69",155,20.8
"70",155,20.9
"71",155,20.8
"72",155,20.8
"74",156,18.9
"79",157,19.3
"80",157,NA
"82",158,19.8
"83",158,NA
"84",158,NA
"87",159,19
"88",159,19.1
"89",159,NA
"90",160,20.2
"91",160,20.9
"92",160,19.5
"93",161,19.8
"94",161,NA
"95",162,19.6
"96",163,19.4
"97",164,21
"98",164,21.7
"99",164,21.2
"100",164,21.2
"101",165,20.6
"102",166,20
"103",166,20.7
"104",166,20.2
"105",166,NA
"106",166,20.4
"107",166,19.6
"108",166,20.85
"109",167,19.5
"110",168,20.7
"111",169,20.2
"112",170,20.2
"113",171,20.5
"114",171,20.8
"115",172,20.3
"116",173,19.4
"117",173,NA
"118",173,19.9
"119",173,NA
"120",173,NA
"121",174,20.4
"122",175,20.3
"123",176,19.7
"124",176,19.4
"125",176,19.75
"126",176,19.4
"127",177,19.9
"128",178,20.4
"129",178,20.15
"130",178,20.25
"131",179,19.7
"132",180,19.7
"133",180,19.4
"134",181,19.6
"135",181,19.5
"136",181,19.5
"137",181,19.4
"138",182,21.3
"139",182,21.6
"140",183,19
"141",183,22
"142",184,21.1
"143",184,20.9
"144",184,21.3
"145",185,20.7
"146",185,NA
"147",188,19.8
"148",188,19.7
"149",200,19.7
"150",200,19.6
"151",201,NA
"152",202,20.1
"153",203,19.7
"154",210,20.4
"155",214,18.8
"156",214,20.7
"157",215,19.9
"158",216,19.1
"159",216,19.7
"160",216,18.9
"161",216,18.8
"162",216,19.2
"163",216,18.55
"164",218,23.7
"165",219,19.2
"166",220,20.3
"167",224,18.8
"168",224,18.5
"169",225,NA
"170",226,20.3
"171",226,20.5
"172",230,20
"173",230,19.4
"174",231,21.2
"175",236,22.2
"176",236,22.5
"177",236,20.9
"178",237,19.6
"179",238,20.2
"180",238,19.9
"181",238,20.4
"182",249,19.7
"183",249,20
"184",249,19.8
"185",249,20.3
"186",250,18.4
"187",250,18.5
"188",250,18.8
"189",256,NA
"190",256,19.3
"191",256,19
"192",257,21.3
"193",259,21.45
"194",262,20.2
"195",262,20.4
"196",262,20.1
"197",262,NA
"198",279,17.9
"199",285,19.8
"200",285,19.85
"201",293,20
"203",307,21.6
"204",309,19.45
"205",309,19.3
"206",309,19.1
"207",317,19.75
"208",324,20.1
"209",324,NA
"210",324,19.8
"211",324,20.1
"218",339,20.4
"219",339,20.05
"220",339,19.8
"221",339,20.05
"222",339,NA
"223",339,20.25
"224",359,20.6
"225",373,19.1
"226",373,19
"227",387,19.1
"228",387,19.25
"229",422,19.4
"230",437,19.15
"231",437,18.7
"232",447,19.8
"233",459,20.5
"234",462,19.75
"235",462,NA
"236",462,NA
"237",462,20.15
"238",462,20.2
"239",467,20
"240",467,19.7
"241",467,19.85
"242",483,20.05
"243",483,20.5
"244",493,20.5
"245",499,20.4
"246",501,19.2
"247",501,NA
"248",510,19.5
"249",512,19.35
"250",514,19.7
"251",514,20.4
"252",529,19.05
"253",564,21.3
"254",565,NA
"255",572,20
"256",572,20
"257",572,19.95
"258",572,19.9
"259",572,20
"260",574,19.3
"261",578,NA
"262",578,18.8
"263",581,20.75
"264",581,20.65
"265",589,19.5
"266",589,19.65
"267",596,19.9
"268",596,NA
"269",596,NA
"270",597,18.9
"271",597,19.35
"272",603,19.25
"273",608,19.7
"274",609,19.8
"275",609,20.05
"276",612,21.15
"277",612,20.45
"278",619,19.85
"279",620,19.4
"280",620,19.2
"281",620,19.1
"282",622,19
"283",622,NA
"284",628,18.1
"285",628,17.5
"286",628,17.4
"287",630,19.6
"288",630,19.4
"289",630,NA
"290",631,19.1
"291",631,NA
"292",632,19.5
"293",632,19.5
"294",632,19.5
"295",632,NA
"296",632,19.8
"297",636,18.25
"298",637,19.6
"299",637,19.35
"300",637,19.6
"301",637,NA
"302",641,20.3
"303",641,20.4
"304",641,20.3
"305",641,NA
"306",641,NA
"307",641,NA
"308",641,NA
"309",642,20.6
"310",642,19.6
"311",642,20.6
"312",642,20.7
"313",643,21.4
"314",643,20.9
"315",643,20.9
"316",643,20.95
"317",643,21.15
"318",643,NA
"319",643,NA
"320",644,20.15
"321",644,20.35
"322",644,NA
"323",644,20
"324",644,20.1
"325",644,NA
"326",644,NA
"327",644,NA
"328",644,20.35
"329",644,NA
"330",644,NA
"331",644,NA
"332",644,NA
"333",644,NA
"334",644,NA
"335",644,NA
"336",645,20.05
"337",645,NA
"338",645,19.9
"339",646,19.8
"340",646,19.6
"341",646,19.8
"342",646,NA
"343",646,19.45
"344",646,NA
"345",646,NA
"346",646,NA
"347",646,19.9
"348",646,18.6
"349",646,NA
"350",647,20.4
"351",647,20.5
"352",647,NA
"353",647,NA
"354",647,20.2
"355",647,20.15
"356",647,20
"357",647,NA
"358",647,NA
"359",647,NA
"360",648,20.3
"361",648,19.95
"362",648,19.8
"363",648,NA
"364",648,20.2
"365",648,20.05
"366",648,20
"367",649,20
"368",649,19.8
"369",649,NA
"370",649,19.8
"371",650,20.6
"372",650,NA
"373",650,20.25
"374",650,20.1
"375",651,19.45
"376",651,20
"377",651,19.3
"378",651,NA
"379",651,NA
"380",651,NA
"381",651,19.45
"382",651,19.2
"383",652,19.45
"384",652,20.3
"385",652,20.15
"386",652,20.15
"387",653,20.35
"388",653,19.15
"389",653,19.4
"390",655,20.4
"391",655,20.75
"392",655,20.9
"393",655,20.6
"394",656,19.8
"395",656,19.9
"396",656,NA
"397",656,19.5
"398",657,20.7
"399",657,20.2
"400",657,NA
"401",657,20.3
"402",658,20.05
"403",658,20.55
"404",658,20.45
"405",658,20.4
"406",658,20.2
"407",659,19.7
"408",659,NA
"409",659,19.6
"410",659,19.8
"411",659,19.25
"412",659,18.9
"413",661,19.3
"414",661,19
"415",661,18.6
"416",661,18.95
"417",664,18.9
"418",664,NA
"419",664,NA
"420",664,NA
"421",664,NA
"422",664,18.55
"423",665,20.4
"424",665,19.45
"425",665,19.6
"426",665,19.9
"427",665,NA
"428",667,20.05
"429",667,19.9
"430",667,20
"431",668,20.55
"432",668,NA
"433",669,20
"434",669,NA
"435",669,20.4
"436",669,20
"437",669,20.2
"438",669,NA
"439",669,NA
"440",669,NA
"441",672,19.35
"442",672,19.25
"443",672,19.3
"444",672,19.25
"445",672,NA
"446",672,NA
"447",677,20.1
"448",677,20.25
"449",677,20.1
"450",677,NA
"451",677,20.1
"452",678,19.3
"453",678,NA
"454",678,19.4
"455",678,19.4
"456",678,18.85
"457",678,NA
"458",678,19.25
"459",678,NA
"460",679,19.1
"461",679,19.1
"462",680,19.5
"463",680,NA
"464",680,NA
"465",680,NA
"466",680,19.4
"467",680,19.4
"468",680,NA
"469",681,20.1
"470",681,19.3
"471",681,20.6
"472",681,19.4
"473",682,17.6
"474",682,NA
"475",682,18.95
"476",682,19.15
"477",682,NA
"478",682,NA
"479",682,NA
"480",682,NA
"481",683,19.45
"482",683,19.15
"483",683,19.25
"484",683,18.6
"485",683,19.3
"486",683,19
"487",684,19.75
"488",684,NA
"489",684,NA
"490",684,20.4
"491",684,19.1
"492",684,19.25
"493",686,20
"494",687,NA
"495",687,19.75
"496",687,19.5
"497",687,19.55
"498",687,19.45
"499",687,19.3
"500",687,NA
"501",687,NA
"502",687,NA
"503",687,19.5
"504",687,NA
"505",687,NA
"506",687,19.5
"507",687,18.65
"508",688,20.15
"509",688,NA
"510",688,20.2
"511",688,19.7
"512",688,19.1
"513",688,NA
"514",688,19.75
"515",688,NA
"516",689,19.2
"517",689,19.8
"518",689,NA
"519",689,19.25
"520",689,19.45
"521",689,19.35
"522",690,20.05
"523",691,19.05
"524",691,20.15
"525",691,NA
"526",691,NA
"527",691,20.05
"528",691,20.1
"529",691,20.25
"530",694,20.55
"531",694,20.75
"532",694,20.2
"533",694,19.8
"534",694,19.9
"535",696,19.45
"536",696,19.05
"537",696,20.15
"538",696,20
"539",696,NA
"540",696,NA
"541",696,NA
"542",696,21
"543",698,20.4
"544",699,20.85
"545",699,21
"546",699,19.1
"547",700,20.3
"548",700,20.6
"549",700,NA
"550",700,20.05
"551",700,21.6
"552",700,NA
"553",700,NA
"554",701,20.7
"555",703,20.9
"556",703,20.5
"557",703,NA
"558",703,20.6
"559",703,20.6
"560",703,NA
"561",703,NA
"562",704,20.1
"563",704,NA
"564",704,NA
"565",705,19.3
"566",705,NA
"567",705,NA
"568",705,NA
"569",705,19.2
"570",705,19.2
"571",705,19.45
"572",705,19.25
"573",705,NA
"574",708,19
"575",709,18.7
"576",709,18.7
"577",711,NA
"578",712,19.9
"579",712,NA
"580",712,19.9
"581",712,20.05
"582",713,18.6
"583",714,19.9
"584",714,19.4
"585",714,19.3
"586",715,19.3
"587",715,NA
"588",715,19.45
"589",715,19.15
"590",715,19.35
"591",715,NA
"592",715,NA
"593",715,NA
"594",716,20.55
"595",716,NA
"596",716,20.6
"597",717,21
"598",717,20.84
"599",717,20.75
"600",717,NA
"601",717,21
"602",717,20.6
"603",717,20.6
"604",775,NA
"605",808,NA
"606",808,20.15
"607",809,19.95
"608",809,20.5
"609",813,20
"610",813,NA
"611",815,19.7
"612",817,20.75
"613",818,20.7
"614",818,21.1
"615",821,21.2
"616",821,21.2
"617",821,NA
"618",821,20.7
"619",826,NA
"620",826,NA
"621",828,20.15
"622",828,20
"623",829,19.2
"624",829,NA
"625",829,19.45
"626",831,19.8
"627",831,20.2
"628",833,20.35
"629",833,21
"630",844,19.1
"631",844,NA
"632",844,19.65
"633",844,19.95
"634",846,19.4
"635",847,19.05
"636",847,18.8
"637",849,NA
"638",849,NA
"639",849,NA
"640",849,21.1
"641",854,20.55
"642",854,20.45
"643",869,19.9
"644",881,18.95
"645",884,19.95
"646",888,20
"658",959,18.3
"659",1013,19.8
"660",1013,19.75
"661",1013,NA
"662",1013,NA
"663",1013,19.45
"664",1014,19
"665",1014,18.3
"666",1014,18.5
"667",1014,18.5
"668",1014,18.75
"669",1014,19
"670",1014,19
"671",1014,18.5
"672",1015,19.5
"673",1016,18
"674",1016,18.5
"675",1017,20
"676",1017,19.5
"677",1017,20.1
"678",1017,NA
"679",1018,20
"680",1018,20.25
"681",1018,19.75
"682",1018,20.25
"683",1018,20
"684",1018,19.5
"685",1018,19.2
"686",1018,19.45
"687",1018,18.8
"688",1020,19
"689",1020,19.75
"690",1020,19
"691",1020,18.8
"692",1021,20
"693",1021,20.75
"694",1022,20.7
"695",1022,20.55
"696",1023,20
"697",1023,20
"698",1023,20
"699",1023,20
"700",1024,20
"701",1025,20
"702",1026,20.75
"703",1026,20.75
"704",1026,20.4
"705",1029,20.1
"706",1030,19
"707",1030,19.5
"708",1030,19.25
"709",1032,19
"710",1032,19
"711",1034,20.25
"712",1034,20
"713",1034,20
"714",1034,20
"715",1036,19.5
"716",1037,19.25
"717",1037,19.25
"718",1037,19
"719",1037,19.5
"720",1037,19.75
"721",1037,19.5
"722",1037,18.8
"723",1038,19
"724",1038,19.25
"725",1038,19
"726",1038,19.25
"727",1039,21
"728",1039,20
"729",1039,20
"730",1039,20.25
"731",1042,19.75
"732",1042,20
"733",1042,19.75
"734",1042,20
"735",1044,20.75
"736",1044,21.25
"737",1044,21.25
"738",1044,20.5
"739",1044,NA
"740",1045,20
"741",1045,20.25
"742",1045,20
"743",1045,19.8
"744",1046,20
"745",1048,19.3
"746",1052,19.5
"747",1052,20
"748",1052,19.75
"749",1052,20
"750",1053,19.25
"751",1053,19
"752",1056,20.5
"753",1056,20.5
"754",1056,20.5
"755",1056,19.5
"756",1057,20.5
"757",1057,20.5
"758",1057,20.9
"759",1057,20.7
"760",1057,20.75
"761",1057,20.6
"762",1057,20.7
"763",1058,20
"764",1058,20
"765",1058,20
"766",1058,20.25
"767",1058,20.25
"768",1058,21
"769",1058,20.25
"770",1058,20.25
"771",1059,19
"772",1059,18.75
"773",1059,18.75
"774",1059,19.25
"775",1059,19.3
"776",1060,20.75
"777",1060,19.75
"778",1061,19
"779",1061,19.25
"780",1061,18.75
"781",1061,19
"782",1063,18.75
"783",1063,19.25
"784",1063,18.8
"785",1063,18.8
"786",1064,19.25
"787",1064,19.5
"788",1064,19
"789",1064,19.5
"790",1064,18.75
"791",1064,19
"792",1065,19
"793",1065,18.75
"794",1065,19.5
"795",1065,19.25
"796",1066,20
"797",1066,19.75
"798",1066,19.5
"799",1067,20.5
"800",1067,21
"801",1068,20
"802",1069,21
"803",1069,20.5
"804",1070,21
"805",1070,21
"806",1070,21.25
"807",1070,21.25
"808",1072,20.75
"809",1072,20.75
"810",1072,20.5
"811",1072,20.5
"812",1072,20.25
"813",1072,20.2
"814",1074,19.5
"815",1074,19.5
"816",1075,20
"817",1075,19.75
"818",1075,19.75
"819",1075,19.5
"820",1075,19.1
"821",1075,20
"822",1075,20.4
"823",1075,19.8
"824",1075,20.4
"825",1075,19.55
"826",1076,19
"827",1076,19
"828",1076,19.1
"829",1077,20
"830",1077,19.75
"831",1078,19
"832",1078,19
"833",1080,19.25
"834",1080,NA
"835",1080,19
"836",1081,19.5
"837",1084,20
"838",1084,19.75
"839",1084,20
"840",1085,19
"841",1085,19
"842",1085,19.5
"843",1085,19
"844",1085,19.25
"845",1085,18.75
"846",1085,NA
"847",1085,19.75
"848",1086,19.75
"849",1086,19.25
"850",1086,19.75
"851",1086,19.5
"852",1086,19.75
"853",1086,19.2
"854",1086,19.3
"855",1086,NA
"856",1087,18.5
"857",1087,20
"858",1087,21.5
"859",1087,19.5
"860",1087,19.25
"861",1087,19.5
"862",1088,19.5
"863",1088,19.5
"864",1089,20.5
"865",1089,20.25
"866",1089,21
"867",1090,18.75
"868",1090,18.75
"869",1090,19.25
"870",1090,19
"871",1090,19
"872",1092,19.5
"873",1092,19.25
"874",1092,20
"875",1094,20
"876",1094,20
"877",1094,20.25
"878",1094,NA
"879",1096,20.75
"880",1096,21
"881",1096,NA
"882",1096,20.5
"883",1096,20
"884",1096,20.75
"885",1098,19.75
"886",1098,20
"887",1098,NA
"888",1100,20
"889",1101,19
"890",1101,19
"891",1101,18.75
"892",1101,19
"893",1102,21.5
"894",1104,19
"895",1104,18.75
"896",1104,19.25
"907",1110,20.5
"908",1110,20.25
"909",1110,NA
"910",1110,20.1
"911",1110,20.8
"912",1110,20
"913",1111,19
"914",1111,19
"915",1111,19
"916",1111,19
"917",1111,19.25
"918",1114,NA
"919",1114,19.75
"920",1114,NA
"921",1114,19.9
"922",1116,19.5
"923",1116,19.75
"924",1116,19.75
"925",1116,19.5
"926",1116,19.75
"927",1116,19.5
"928",1116,19.6
"929",1120,19.6
"930",1120,19.8
"931",1120,19.6
"932",1122,20
"933",1122,20.25
"934",1122,19.5
"935",1122,20
"936",1122,20.1
"937",1122,19.5
"938",1122,NA
"939",1122,20.2
"940",1123,20.25
"941",1123,20.75
"942",1123,20.2
"943",1123,20.4
"944",1124,20
"945",1124,19.5
"946",1124,19.75
"947",1124,20
"948",1124,20.1
"949",1124,19.9
"950",1124,19.75
"951",1124,NA
"952",1124,NA
"953",1124,NA
"954",1126,20.9
"955",1126,21
"956",1126,20.75
"957",1126,21
"958",1126,21
"959",1126,20.75
"960",1126,20.3
"961",1126,21
"962",1126,20.8
"963",1128,19.25
"964",1128,19.4
"965",1128,19.25
"966",1128,19.1
"967",1128,NA
"968",1128,19.25
"969",1128,19
"970",1128,NA
"971",1128,19.8
"972",1129,19.25
"973",1131,18.5
"974",1131,18.5
"975",1131,18.25
"976",1131,18.5
"977",1131,NA
"978",1132,19
"979",1132,18.95
"980",1132,19.25
"981",1132,19.5
"982",1134,19.6
"983",1135,21
"984",1136,19.75
"985",1136,19.75
"986",1136,19.75
"987",1136,19.75
"988",1138,19.1
"989",1138,19.2
"990",1140,18.75
"991",1141,19
"992",1141,19.25
"993",1142,20.75
"994",1142,20.4
"995",1142,19.8
"996",1156,19.25
"997",1156,19
"998",1156,19
"999",1156,18.8
"1000",1161,19.75
"1001",1161,19
"1002",1162,19
"1003",1162,19
"1004",1162,18.9
"1005",1162,19
"1006",1162,NA
"1007",1162,18.7
"1008",1163,19.75
"1009",1163,19.9
"1010",1163,19.25
"1011",1164,17.5
"1012",1164,17.3
"1013",1172,19.6
"1014",1172,19.25
"1015",1172,19.5
"1016",1172,19.25
"1017",1172,19.25
"1018",1172,19.5
"1019",1172,19.3
"1020",1172,19.2
"1021",1172,NA
"1022",1178,20.75
"1023",1178,20.75
"1024",1178,20.75
"1025",1178,20.9
"1026",1178,20.3
"1027",1178,NA
"1028",1181,20
"1029",1181,19.75
"1030",1183,20.5
"1031",1184,18.5
"1032",1184,18.75
"1033",1186,19.75
"1034",1186,19.5
"1035",1186,19.75
"1036",1186,19.75
"1037",1186,19.4
"1038",1186,19.5
"1039",1186,NA
"1040",1186,NA
"1041",1186,NA
"1042",1186,NA
"1043",1187,19
"1044",1187,18.75
"1045",1187,18.75
"1046",1187,18.75
"1047",1187,18.75
"1048",1188,20
"1049",1188,19.9
"1050",1188,19.75
"1051",1188,20
"1052",1188,20
"1053",1190,19.25
"1054",1190,19
"1055",1190,19
"1056",1190,19.25
"1057",1190,19.5
"1058",1191,18.75
"1059",1191,20.5
"1060",1191,20.5
"1061",1192,19.5
"1062",1192,19.75
"1063",1192,19.75
"1064",1193,18.25
"1065",1194,19.5
"1066",1194,19.25
"1067",1194,18.75
"1068",1194,NA
"1069",1194,18.8
"1070",1194,NA
"1071",1194,19.5
"1072",1195,20
"1073",1195,19.75
"1074",1197,19.75
"1075",1197,19.9
"1076",1197,19.75
"1077",1199,19.5
"1078",1199,19.5
"1079",1199,19.3
"1080",1199,19
"1081",1199,19.15
"1082",1199,19.3
"1083",1201,20.2
"1084",1201,20.1
"1085",1201,20
"1086",1201,20.2
"1087",1201,20
"1088",1201,19.9
"1089",1202,20.75
"1090",1202,20.75
"1091",1202,20.75
"1092",1202,20.75
"1093",1203,18.75
"1094",1203,19.45
"1095",1203,19.75
"1096",1203,19.8
"1097",1203,19.6
"1098",1206,19.4
"1099",1208,18.8
"1100",1208,18.95
"1101",1212,18.9
"1102",1212,18.9
"1103",1212,NA
"1104",1220,20.1
"1105",1220,20.2
"1106",1220,20.2
"1107",1220,20
"1108",1220,20.2
"1109",1220,NA
"1110",1221,20
"1111",1222,19.5
"1112",1222,18.1
"1113",1223,19.3
"1114",1227,19.2
"1115",1227,19
"1116",1227,19
"1117",1227,19
"1118",1227,NA
"1119",1228,18.5
"1120",1230,NA
"1121",1232,18.8
"1122",1233,18.8
"1123",1233,19
"1124",1233,19.5
"1125",1237,19.6
"1126",1238,19.7
"1127",1238,19.65
"1128",1239,20.1
"1129",1239,19.8
"1130",1239,NA
"1131",1239,20
"1132",1240,20.4
"1133",1240,20.4
"1134",1240,20
"1135",1240,20.7
"1136",1240,20.6
"1137",1242,20.8
"1138",1242,19.8
"1139",1242,20.65
"1140",1242,20.85
"1141",1242,20.8
"1142",1242,NA
"1143",1242,NA
"1144",1243,20
"1145",1243,20
"1146",1244,19.5
"1147",1245,19.45
"1148",1245,19.6
"1149",1246,19
"1150",1246,18.8
"1151",1246,18.4
"1152",1247,19.6
"1153",1247,19.6
"1154",1247,NA
"1155",1251,19
"1156",1252,19.5
"1157",1253,19.2
"1158",1253,19.25
"1159",1253,NA
"1160",1254,19.2
"1161",1254,19.25
"1162",1255,19.8
"1163",1255,19.7
"1164",1255,19.65
"1165",1255,NA
"1166",1255,NA
"1167",1255,19.75
"1168",1255,19.75
"1169",1255,19.9
"1170",1255,19.85
"1171",1255,NA
"1172",1255,19.6
"1173",1255,19.7
"1174",1256,20.3
"1175",1256,20.85
"1176",1256,20.65
"1177",1256,NA
"1178",1257,19.7
"1179",1257,20
"1180",1257,19.5
"1181",1258,19.9
"1182",1258,19.8
"1183",1258,19.7
"1184",1258,19.6
"1185",1259,19.8
"1186",1260,20.7
"1187",1260,20.6
"1188",1260,20.5
"1189",1260,20.6
"1190",1260,20.55
"1191",1261,18.8
"1192",1262,19.9
"1193",1262,20
"1194",1262,19.7
"1195",1263,18.8
"1196",1263,18.5
"1197",1264,18.9
"1198",1266,19.4
"1199",1266,19.3
"1200",1266,19.4
"1201",1266,19.3
"1202",1267,20.1
"1203",1268,19.7
"1204",1269,19.3
"1205",1273,20
"1206",1274,19.7
"1207",1274,NA
"1208",1274,19.75
"1209",1274,NA
"1210",1275,20
"1211",1275,20
"1212",1275,20
"1213",1275,20.6
"1214",1275,NA
"1215",1275,NA
"1216",1277,19.7
"1217",1278,18.6
"1218",1282,19.2
"1219",1282,18.1
"1220",1282,18.8
"1221",1282,19.3
"1222",1283,18.3
"1223",1283,19.2
"1224",1283,18.4
"1225",1283,18.7
"1226",1283,18.6
"1227",1283,20.35
"1228",1285,19.8
"1229",1287,20.6
"1230",1287,NA
"1231",1289,19.4
"1232",1289,19.65
"1233",1290,19.5
"1234",1290,19.5
"1235",1290,19.45
"1236",1290,18.9
"1237",1290,19.7
"1238",1290,NA
"1239",1291,18.5
"1240",1292,19.4
"1241",1292,19.2
"1242",1292,19.8
"1243",1293,19.4
"1244",1293,19.5
"1245",1295,19.7
"1246",1297,19
"1247",1297,19
"1248",1298,19
"1249",1298,19.9
"1250",1298,19
"1251",1299,19.3
"1252",1299,19.5
"1253",1299,19.3
"1254",1299,19.5
"1255",1299,NA
"1256",1301,18.9
"1257",1301,19.7
"1258",1304,20.3
"1259",1304,NA
"1260",1304,20.1
"1261",1305,NA
"1262",1305,20.2
"1263",1305,20
"1264",1307,19.3
"1265",1307,19.7
"1266",1307,19.6
"1267",1307,19.8
"1268",1308,19.6
"1269",1308,19.8
"1270",1308,19.5
"1271",1308,19.5
"1272",1308,19.65
"1273",1308,19.5
"1274",1308,NA
"1275",1311,19.3
"1276",1311,18.9
"1277",1311,18.7
"1278",1312,20.5
"1279",1312,NA
"1280",1312,20.65
"1282",1317,20.4
"1283",1317,19.8
"1284",1317,20.1
"1285",1318,NA
"1286",1318,20
"1287",1320,19.4
"1288",1320,19.5
"1289",1321,19.2
"1290",1324,19.2
"1291",1324,19.3
"1292",1324,19.2
"1293",1325,19.3
"1294",1325,19.75
"1295",1325,20
"1296",1325,19.9
"1297",1326,19.8
"1298",1326,20.2
"1299",1326,20.35
"1300",1326,20.9
"1301",1326,21
"1302",1330,19.2
"1303",1330,20
"1304",1330,19.7
"1305",1333,19.8
"1306",1333,NA
"1307",1333,19.6
"1308",1333,20.3
"1309",1333,20.5
"1310",1333,20.7
"1311",1335,19.5
"1312",1335,19.6
"1313",1335,19.5
"1314",1335,19.5
"1315",1335,19.7
"1316",1336,19.5
"1317",1336,19.8
"1318",1336,19.8
"1319",1337,19
"1320",1337,19.8
"1321",1337,18.8
"1322",1337,19
"1323",1337,18.8
"1324",1337,19
"1325",1337,19
"1326",1338,19.3
"1327",1339,19.8
"1328",1339,19.1
"1329",1339,19.7
"1330",1339,19.3
"1331",1339,19.65
"1332",1340,18.9
"1333",1340,19
"1334",1340,NA
"1335",1340,19.95
"1336",1341,18.9
"1337",1341,18.9
"1344",1342,18.6
"1345",1342,19
"1346",1342,19.3
"1347",1344,19.3
"1348",1344,NA
"1349",1344,19.05
"1350",1345,19.4
"1351",1345,20.2
"1352",1345,20
"1353",1346,21
"1354",1346,21.25
"1355",1346,21
"1356",1348,20
"1357",1348,20
"1358",1350,20.75
"1359",1350,21
"1360",1351,18.5
"1361",1351,18.75
"1362",1352,19.75
"1363",1352,19.6
"1364",1352,19.75
"1365",1352,19.2
"1366",1352,NA
"1367",1352,19.85
"1368",1352,19.3
"1369",1352,NA
"1370",1352,NA
"1371",1353,19.75
"1372",1354,20
"1373",1355,19.75
"1374",1355,19.8
"1375",1358,19.9
"1376",1358,19.75
"1377",1359,19.25
"1378",1359,19.25
"1379",1360,20.5
"1380",1360,20.3
"1381",1362,20.25
"1382",1368,19.75
"1383",1368,19.9
"1384",1369,19.75
"1385",1369,20
"1386",1371,20
"1387",1371,20.25
"1388",1373,20.25
"1389",1373,20.5
"1390",1373,20.5
"1391",1373,20.75
"1392",1373,19.9
"1393",1375,20.25
"1394",1375,20
"1395",1375,20.15
"1396",1375,20.4
"1397",1378,18.25
"1404",1380,18.6
"1405",1380,19.4
"1406",1382,19.1
"1407",1382,19.6
"1408",1382,19.2
"1409",1382,20.15
"1410",1382,19.35
"1411",1382,19.3
"1412",1384,19
"1413",1384,19.2
"1414",1384,19.45
"1415",1384,19.2
"1416",1384,NA
"1417",1384,19.45
"1418",1384,19.4
"1419",1384,19.45
"1420",1384,NA
"1421",1385,19.4
"1422",1385,19.5
"1423",1385,19.4
"1424",1385,19.5
"1425",1386,19
"1426",1386,18.9
"1427",1386,19
"1428",1386,19.2
"1429",1386,19
"1430",1387,20
"1431",1387,20.25
"1432",1387,20.15
"1433",1387,20.65
"1434",1389,19.35
"1435",1391,19.4
"1436",1391,19.7
"1437",1391,20
"1438",1392,19.4
"1439",1397,19.2
"1440",1397,19.5
"1441",1397,19.7
"1442",1398,19.2
"1443",1398,18.9
"1444",1399,20.1
"1445",1399,20.4
"1446",1399,20.2
"1447",1399,20.3
"1448",1399,20.25
"1449",1404,19.5
"1450",1404,NA
"1451",1404,19.55
"1452",1404,NA
"1453",1405,19.5
"1454",1405,19.5
"1455",1405,19.2
"1456",1405,19.7
"1457",1405,19.4
"1458",1405,NA
"1459",1405,19.75
"1460",1406,NA
"1461",1407,19
"1462",1407,19.5
"1463",1407,19.2
"1464",1411,19.3
"1465",1413,18.8
"1466",1413,18.9
"1467",1413,19
"1468",1414,20.1
"1469",1414,19.4
"1470",1415,20
"1471",1415,20
"1472",1415,19.8
"1473",1415,19.5
"1474",1415,20
"1475",1415,19.9
"1476",1415,19.95
"1477",1416,19.3
"1478",1416,19.6
"1479",1416,19.7
"1480",1416,NA
"1481",1416,NA
"1482",1416,19.25
"1483",1418,NA
"1484",1418,20.75
"1485",1418,20.7
"1486",1419,NA
"1487",1419,20.65
"1488",1419,20.7
"1489",1420,19.2
"1490",1423,20
"1491",1423,20.3
"1492",1424,19.7
"1493",1425,19.9
"1494",1425,19.6
"1495",1425,20.6
"1496",1428,19.5
"1497",1428,19.55
"1498",1439,18.9
"1499",1439,19.1
"1500",1441,19.9
"1501",1441,19.9
"1502",1445,20.25
"1503",1445,20
"1504",1445,20.5
"1505",1445,20
"1506",1445,NA
"1507",1445,NA
"1508",1445,NA
"1509",1446,18.5
"1510",1447,20
"1511",1447,20
"1512",1447,19.7
"1513",1448,20.25
"1514",1448,20.25
"1515",1451,19.5
"1516",1451,19.1
"1517",1451,19.5
"1518",1451,19.3
"1519",1451,19.2
"1520",1451,18.2
"1521",1452,20.5
"1522",1452,20.25
"1523",1452,20.5
"1524",1452,20.5
"1525",1452,20.3
"1526",1452,NA
"1527",1453,19.5
"1528",1453,19.5
"1529",1453,18.75
"1530",1454,19.25
"1531",1454,19.75
"1532",1454,19.75
"1533",1457,20.25
"1534",1457,20
"1535",1457,20
"1536",1457,20
"1537",1457,19.7
"1538",1458,19.9
"1539",1458,20.1
"1540",1458,NA
"1541",1458,20
"1542",1459,19.75
"1543",1459,19.5
"1544",1459,19.6
"1545",1459,19.4
"1546",1459,19.5
"1547",1459,19.3
"1548",1464,NA
"1549",1464,20
"1550",1464,19.9
"1551",1466,19.5
"1552",1466,19.5
"1553",1466,19.25
"1554",1467,19.5
"1555",1467,19.7
"1556",1467,19.7
"1557",1467,19.65
"1558",1468,18.5
"1559",1469,19.75
"1560",1470,20
"1561",1471,19.75
"1562",1471,19.75
"1563",1471,19.5
"1564",1471,19.5
"1565",1472,19.5
"1566",1472,19.75
"1567",1476,19.5
"1568",1476,19.75
"1569",1477,NA
"1570",1477,NA
"1571",1480,19.5
"1572",1480,19.5
"1573",1483,19.5
"1574",1485,20.1
"1575",1486,19
"1576",1486,19
"1577",1488,20
"1578",1490,20
"1579",1490,NA
"1580",1490,19.75
"1581",1490,20.5
"1582",1490,20.5
"1583",1490,20.25
"1584",1492,19.25
"1585",1492,19.25
"1586",1492,19.5
"1587",1493,20
"1588",1493,20
"1589",1493,20
"1590",1493,20.7
"1591",1494,20
"1592",1495,19.9
"1593",1495,19.75
"1594",1496,20
"1595",1496,20
"1596",1496,19.9
"1597",1496,20
"1598",1496,NA
"1599",1496,20.25
"1600",1496,20
"1601",1496,19.8
"1602",1497,20
"1603",1497,20.5
"1604",1497,20.25
"1605",1497,19.8
"1606",1497,20.2
"1607",1497,NA
"1608",1497,20
"1609",1500,19.5
"1610",1500,NA
"1611",1501,22.5
"1612",1502,19.75
"1613",1502,19.75
"1614",1502,18.8
"1615",1503,19.25
"1616",1503,19.5
"1617",1503,19.5
"1618",1503,19.5
"1619",1503,19.55
"1620",1503,19.35
"1621",1503,NA
"1622",1503,NA
"1623",1504,20.75
"1624",1509,20.75
"1625",1509,20.75
"1626",1510,20
"1627",1510,20
"1628",1510,19.9
"1629",1511,20.5
"1630",1511,19.5
"1631",1514,19
"1632",1514,19.5
"1633",1514,NA
"1634",1515,20
"1635",1515,20.5
"1636",1515,20.2
"1637",1517,20
"1638",1517,20
"1639",1518,19.9
"1640",1520,21
"1641",1521,20.25
"1642",1521,19.8
"1643",1521,20.25
"1644",1521,20.85
"1645",1522,19.75
"1646",1523,19.75
"1647",1524,19.25
"1648",1524,NA
"1649",1525,20.3
"1650",1525,20.75
"1651",1528,NA
"1652",1528,NA
"1653",1529,21.9
"1654",1530,19.5
"1655",1531,19.9
"1656",1531,20
"1657",1535,20.25
"1658",1535,20
"1659",1535,20.5
"1660",1535,NA
"1661",1536,18.5
"1662",1536,20
"1663",1536,NA
"1664",1536,20.2
"1665",1536,20
"1666",1537,20.5
"1667",1537,19.5
"1668",1537,NA
"1669",1537,20.3
"1670",1537,20.2
"1671",1537,NA
"1672",1537,NA
"1675",1539,18.8
"1676",1539,18.6
"1677",1540,18.6
"1678",1541,19.9
"1679",1543,19.75
"1680",1543,19.25
"1681",1543,19.4
"1682",1543,19.3
"1683",1543,19.35
"1684",1544,19.95
"1685",1544,19.9
"1686",1544,19.7
"1687",1545,19.85
"1688",1545,19.6
"1689",1548,19.4
"1690",1548,19.4
"1691",1548,19.35
"1692",1548,19.15
"1693",1548,19.3
"1694",1548,19.45
"1695",1548,19.35
"1696",1549,19.4
"1697",1549,19.4
"1698",1549,19.2
"1699",1550,19.1
"1700",1550,19.2
"1701",1552,19.55
"1702",1553,18.8
"1703",1553,19
"1704",1553,18.95
"1705",1554,19.6
"1706",1555,19
"1707",1557,19.5
"1708",1557,19.55
"1709",1558,19.5
"1710",1558,19.4
"1711",1559,19.45
"1712",1559,19.2
"1713",1560,19
"1714",1560,18.9
"1715",1560,19.3
"1716",1561,19.6
"1717",1563,18.7
"1718",1564,19.5
"1719",1564,NA
"1720",1564,NA
"1721",1564,NA
"1722",1565,20
"1723",1566,19.5
"1724",1566,19.55
"1725",1567,19.45
"1726",1567,19.4
"1727",1568,20.1
"1728",1568,20
"1729",1570,20.1
"1730",1575,19.65
"1731",1575,19.65
"1732",1577,20.2
"1733",1577,20.1
"1734",1579,19
"1735",1579,19.25
"1736",1579,19
"1737",1583,20.2
"1738",1583,19.75
"1739",1583,20
"1740",1583,20
"1741",1583,NA
"1742",1589,20
"1743",1591,19.7
"1744",1591,19.6
"1745",1591,19.3
"1746",1591,19.5
"1747",1592,20
"1748",1592,20.2
"1749",1592,19.95
"1750",1593,19.3
"1751",1593,19.3
"1752",1593,19.35
"1753",1594,19
"1754",1594,19
"1755",1594,19.3
"1756",1597,20.55
"1757",1597,18.8
"1758",1598,19.2
"1759",1598,19.2
"1760",1598,19.45
"1761",1600,19.7
"1762",1601,19.7
"1763",1601,19.25
"1764",1602,19.8
"1765",1602,19.6
"1766",1602,19.8
"1767",1602,19.85
"1768",1603,19.35
"1769",1603,19.8
"1770",1603,19.8
"1771",1603,20.05
"1772",1603,NA
"1773",1603,NA
"1774",1603,NA
"1775",1604,19.35
"1776",1604,19.35
"1777",1604,19.35
"1778",1605,18.4
"1779",1605,18.6
"1780",1605,18.7
"1781",1605,18.4
"1782",1608,19
"1783",1608,19
"1784",1608,NA
"1785",1608,NA
"1786",1610,18.45
"1787",1610,19.15
"1788",1611,19
"1789",1612,19.6
"1790",1612,19.65
"1791",1612,19.5
"1792",1612,19.35
"1793",1612,19.6
"1794",1612,19.7
"1795",1612,NA
"1796",1612,NA
"1797",1612,NA
"1798",1612,NA
"1799",1612,NA
"1800",1612,19.95
"1801",1613,20.45
"1802",1613,20.1
"1803",1616,19.3
"1804",1618,20.3
"1805",1618,20.55
"1806",1618,20.35
"1807",1620,19.8
"1808",1620,18.8
"1809",1620,19.5
"1810",1628,19.75
"1811",1628,19.9
"1812",1628,19.95
"1813",1628,NA
"1814",1628,NA
"1815",1629,NA
"1816",1629,NA
"1817",1629,20
"1818",1629,20.1
"1819",1630,NA
"1820",1630,19.5
"1821",1630,19.4
"1822",1631,NA
"1823",1631,20.5
"1824",1631,NA
"1825",1631,20
"1826",1631,20
"1827",1632,NA
"1828",1633,NA
"1829",1634,NA
"1830",1634,19.5
"1831",1634,19.25
"1832",1634,19.6
"1833",1635,19.25
"1834",1637,NA
"1835",1637,NA
"1837",1642,NA
"1838",1642,NA
"1839",1642,NA
"1840",1642,19.25
"1841",1646,20
"1842",1648,NA
"1846",1649,19.75
"1847",1649,19
"1849",1651,NA
"1850",1651,19
"1852",1652,20.1
"1853",1653,20.2
"1854",1653,20.2
"1855",1653,19.75
"1856",1653,19.35
"1857",1662,NA
"1858",1662,NA
"1859",1662,NA
"1860",1662,20
"1861",1662,19.5
"1862",1662,NA
"1863",1671,20.25
"1864",1675,NA
"1865",1681,20.5
"1866",1681,20
"1867",1683,NA
"1868",1684,NA
"1869",1684,19
"1870",1684,20
"1871",1685,19
"1872",1686,NA
"1873",1686,20
"1874",1686,19.9
"1875",1687,20
"1876",1687,19.25
"1877",1687,19.4
"1878",1687,19.2
"1879",1687,NA
"1880",1687,NA
"1881",1687,18.95
"1882",1687,19.35
"1883",1687,NA
"1884",1688,19
"1885",1691,NA
"1886",1691,18.2
"1887",1693,18.5
"1888",1693,18.75
"1889",1695,19
"1890",1695,19.5
"1891",1697,NA
"1892",1697,20
"1893",1697,20.15
"1894",1697,19.8
"1895",1701,NA
"1896",1702,NA
"1897",1703,NA
"1898",1703,20
"1899",1704,19.5
"1900",1704,20
"1901",1704,20
"1902",1704,18
"1903",1706,20
"1904",1706,19.5
"1905",1706,20
"1906",1706,20
"1907",1706,19.5
"1908",1707,NA
"1909",1707,19.5
"1910",1708,NA
"1911",1708,20.25
"1912",1710,19.5
"1913",1710,19.25
"1914",1710,19.5
"1915",1710,19
"1916",1710,19
"1917",1710,18.8
"1918",1710,NA
"1919",1711,19.9
"1920",1711,19.6
"1921",1711,19.65
"1922",1711,19.55
"1923",1711,NA
"1924",1713,20
"1925",1713,20
"1926",1713,20.1
"1927",1713,19.9
"1928",1715,18.5
"1929",1724,19.25
"1930",1724,19
"1931",1724,18.9
"1932",1724,19
"1933",1724,NA
"1934",1726,19.6
"1935",1726,19.5
"1936",1726,19.75
"1937",1726,19.5
"1938",1734,19.5
"1939",1734,20
"1940",1734,19.5
"1941",1734,19.45
"1942",1734,19.4
"1943",1734,19.45
"1944",1734,NA
"1945",1735,21
"1946",1735,20.75
"1947",1737,20
"1948",1737,20.25
"1949",1737,20.25
"1950",1737,20
"1951",1737,20.1
"1952",1737,NA
"1953",1737,20.1
"1954",1738,NA
"1955",1738,21
"1956",1739,NA
"1957",1739,20.5
"1958",1739,20.5
"1959",1739,19.75
"1960",1739,20
"1961",1742,20
"1962",1742,20.5
"1963",1743,21
"1964",1743,20.75
"1965",1743,20.25
"1966",1743,21
"1967",1743,20.5
"1968",1743,NA
"1969",1746,19.3
"1970",1750,19.9
"1971",1750,19.65
"1972",1751,20.5
"1973",1754,20.5
"1974",1754,21
"1975",1758,19.5
"1976",1758,19.5
"1986",1759,20
"1987",1759,19.5
"1988",1759,19.25
"1989",1760,20
"1990",1761,20
"1991",1761,20.5
"1992",1761,20
"1993",1761,20
"1994",1761,20
"1995",1761,20
"1996",1761,19.75
"1997",1761,19.9
"1998",1761,19.8
"1999",1761,NA
"2000",1761,NA
"2001",1762,19.75
"2002",1762,20.5
"2003",1763,20
"2004",1763,21.45
"2005",1764,20.75
"2006",1764,21
"2007",1764,20.75
"2008",1764,20.8
"2009",1764,NA
"2010",1765,20
"2011",1766,18.5
"2012",1766,18.25
"2013",1766,18.75
"2014",1766,18.5
"2015",1767,20
"2016",1767,19.75
"2017",1767,19.7
"2018",1767,19.25
"2019",1767,19.75
"2020",1768,19.5
"2021",1768,19.5
"2022",1768,19.5
"2023",1768,19.2
"2024",1769,19
"2025",1769,19
"2026",1769,20
"2027",1769,19.7
"2028",1770,19.75
"2029",1770,19.75
"2030",1770,19.5
"2031",1770,19.45
"2032",1770,19.65
"2033",1770,19.75
"2034",1772,18.5
"2035",1772,18.75
"2036",1773,19.75
"2037",1775,19.5
"2038",1775,19.25
"2039",1775,19
"2040",1775,19.25
"2041",1775,19
"2042",1776,20
"2043",1776,20
"2044",1777,20
"2045",1777,20
"2046",1777,20
"2047",1777,19.3
"2048",1778,19
"2049",1778,19.25
"2050",1778,19
"2051",1778,19
"2052",1780,20.25
"2053",1781,19.5
"2054",1781,19.25
"2055",1781,NA
"2056",1781,18.6
"2057",1782,19.25
"2058",1782,19.2
"2059",1782,19.05
"2060",1784,20
"2061",1784,19
"2062",1785,20.5
"2063",1785,19.75
"2064",1785,20
"2065",1785,20
"2066",1785,20
"2067",1785,20
"2068",1785,20.25
"2069",1785,20
"2070",1785,20
"2071",1786,20.3
"2072",1787,20.25
"2073",1787,19
"2074",1787,19
"2075",1787,19.85
"2076",1788,19.25
"2077",1788,19
"2078",1789,20
"2079",1789,19.25
"2080",1789,NA
"2081",1789,19.75
"2082",1790,20
"2083",1790,19.75
"2084",1791,19.75
"2085",1791,19.5
"2086",1791,19.5
"2087",1791,19.5
"2088",1791,19
"2089",1791,19.4
"2090",1791,19.7
"2091",1791,19.7
"2092",1791,19.1
"2093",1791,19.55
"2094",1791,19.45
"2096",1792,19.9
"2097",1792,19.9
"2098",1792,NA
"2099",1792,NA
"2100",1792,NA
"2101",1792,NA
"2102",1793,19.2
"2103",1793,20.3
"2104",1793,NA
"2105",1793,NA
"2106",1793,NA
"2107",1793,NA
"2108",1793,NA
"2109",1794,20.85
"2110",1794,NA
"2111",1795,20.75
"2112",1795,NA
"2113",1795,NA
"2114",1795,NA
"2115",1795,20.4
"2116",1795,NA
"2117",1796,20
"2118",1796,NA
"2119",1796,NA
"2120",1797,NA
"2121",1798,20
"2122",1798,20.35
"2123",1798,20.1
"2124",1798,NA
"2125",1798,NA
"2126",1799,20.1
"2127",1799,NA
"2128",1799,NA
"2129",1800,19.25
"2130",1800,NA
"2131",1800,NA
"2132",1806,19.6
"2133",1806,19.75
"2134",1806,NA
"2135",1807,18.7
"2136",1807,18.7
"2137",1807,NA
"2138",1807,NA
"2139",1807,NA
"2140",1807,NA
"2141",1809,19.6
"2142",1813,20
"2143",1813,NA
"2144",1813,NA
"2145",1813,NA
"2146",1814,19.6
"2147",1814,19.4
"2148",1815,19
"2149",1815,19.2
"2150",1815,19.1
"2151",1815,NA
"2152",1817,19.55
"2153",1817,19.5
"2154",1817,NA
"2155",1818,19.3
"2156",1818,19.6
"2157",1818,NA
"2158",1818,NA
"2159",1818,NA
"2160",1819,19.25
"2161",1819,NA
"2162",1819,NA
"2163",1819,NA
"2164",1820,19.6
"2165",1820,NA
"2166",1821,19.85
"2167",1821,19.5
"2168",1821,19.6
"2169",1821,NA
"2170",1821,NA
"2171",1824,20.9
"2172",1824,NA
"2173",1824,NA
"2174",1824,NA
"2175",1825,20.2
"2176",1825,20
"2177",1825,NA
"2178",1825,NA
"2179",1825,NA
"2180",1827,19.2
"2181",1831,NA
"2182",1831,NA
"2183",1831,NA
"2184",1831,NA
"2185",1831,NA
"2186",1833,19.55
"2187",1833,NA
"2188",1833,NA
"2189",1834,19
"2190",1834,NA
"2191",1835,20.25
"2192",1835,NA
"2193",1835,20.4
"2194",1835,NA
"2195",1836,20.1
"2196",1836,19.8
"2197",1836,NA
"2198",1837,20
"2199",1837,19.9
"2200",1837,NA
"2201",1837,NA
"2202",1837,NA
"2203",1839,20.3
"2204",1839,20.45
"2205",1839,NA
"2206",1840,20.05
"2207",1841,20.55
"2208",1842,21
"2209",1842,21.25
"2210",1844,20.45
"2211",1844,20.4
"2212",1844,NA
"2213",1844,NA
"2214",1847,20
"2215",1847,NA
"2216",1847,NA
"2217",1847,NA
"2218",1847,NA
"2219",1847,NA
"2220",1847,NA
"2221",1847,NA
"2222",1847,NA
"2223",1849,20.15
"2224",1849,20.3
"2225",1850,19.25
"2226",1850,NA
"2227",1851,18.15
"2228",1851,NA
"2229",1855,20.05
"2230",1856,21.45
"2231",1856,21.2
"2232",1857,NA
"2233",1857,20.15
"2234",1857,NA
"2235",1857,NA
"2236",1857,NA
"2237",1858,NA
"2238",1858,NA
"2239",1858,NA
"2240",1859,18.8
"2241",1859,18.8
"2242",1859,18.9
"2243",1859,NA
"2244",1859,NA
"2245",1859,NA
"2246",1864,19.75
"2247",1864,19.75
"2248",1864,NA
"2249",1864,NA
"2250",1865,20.25
"2251",1865,NA
"2252",1866,20.25
"2253",1866,19.95
"2254",1866,20.2
"2255",1866,NA
"2256",1867,19.4
"2257",1867,NA
"2258",1867,NA
"2259",1867,NA
"2260",1869,20.2
"2261",1869,20.2
"2262",1869,NA
"2263",1869,NA
"2264",1870,19.65
"2265",1870,19.75
"2266",1870,NA
"2267",1870,NA
"2268",1871,NA
"2269",1872,19.7
"2270",1872,19.6
"2271",1873,19.9
"2272",1873,NA
"2273",1873,NA
"2274",1873,NA
"2275",1873,NA
"2276",1873,NA
"2277",1874,19.25
"2278",1874,NA
"2279",1874,NA
"2280",1874,NA
"2281",1874,NA
"2282",1874,NA
"2283",1875,20.2
"2284",1878,19.8
"2285",1878,19.85
"2286",1878,NA
"2287",1878,NA
"2288",1879,20.25
"2289",1879,20.25
"2290",1879,20.3
"2291",1879,NA
"2292",1879,NA
"2293",1879,NA
"2294",1879,NA
"2295",1879,NA
"2296",1879,NA
"2297",1881,19.75
"2298",1883,20
"2299",1883,NA
"2300",1883,NA
"2301",1883,NA
"2302",1883,NA
"2303",1883,NA
"2304",1883,NA
"2305",1884,NA
"2306",1884,NA
"2307",1884,NA
"2308",1884,NA
"2309",1884,NA
"2310",1885,20.05
"2311",1886,20.25
"2312",1886,NA
"2313",1886,NA
"2314",1889,19.9
"2315",1889,20
"2316",1891,19.5
"2317",1901,20
"2318",1903,19.55
"2319",1903,19.2
"2320",1904,19.25
"2321",1904,19.35
"2322",1904,19.6
"2323",1904,NA
"2324",1907,20.05
"2325",1910,19.6
"2326",1912,19.5
"2327",1912,20.1
"2328",1912,20.15
"2329",1912,19.9
"2330",1912,19.9
"2331",1913,19.4
"2332",1937,20.05
"2333",1937,20
"2334",1937,19.8
"2335",1937,NA
"2336",1939,18.25
"2337",1939,18.4
"2338",1939,18.3
"2339",1939,18.4
"2340",1939,18.2
"2341",1939,18.2
"2359",1940,19.15
"2370",1946,19.65
"2371",1946,NA
"2372",1946,NA
"2373",1947,20.9
"2374",1947,21.05
"2375",1947,NA
"2376",1947,NA
"2377",1947,NA
"2378",1947,NA
"2379",1948,19.9
"2380",1948,NA
"2381",1948,NA
"2382",1949,20.25
"2383",1949,20.55
"2384",1949,NA
"2385",1949,NA
"2386",1958,20.4
"2387",1958,20.2
"2388",1959,18.85
"2389",1959,18
"2390",1959,18
"2391",1959,18.3
"2392",1960,18.8
"2393",1960,18.9
"2394",1960,18.8
"2395",1963,18.5
"2396",1963,18.8
"2397",1963,18.55
"2398",1964,19.8
"2399",1965,19.5
"2400",1965,19.7
"2401",1965,19.9
"2402",1966,18.9
"2403",1967,18.8
"2404",1969,17.9
"2405",1969,17.7
"2406",1969,17.85
"2407",1969,17.95
"2408",1973,20
"2409",1973,20.3
"2410",1974,19.8
"2411",1975,20.05
"2412",1975,20.5
"2413",1978,19.65
"2414",1978,19.85
"2415",1978,19.6
"2416",1978,19.75
"2417",1980,19.7
"2418",1980,20
"2419",1981,19.4
"2420",1982,20.2
"2421",1982,20.2
"2422",1983,20.2
"2423",1983,20.05
"2424",1984,19.9
"2425",1984,20.05
"2426",1985,NA
"2427",1985,18.65
"2428",1987,19.8
"2429",1989,18.95
"2430",1989,19.2
"2431",1989,19
"2432",1989,19.05
"2433",1990,19.9
"2434",1990,19.95
"2435",1991,20.35
"2436",1991,20.2
"2437",1997,20
"2438",1997,20.5
"2439",1997,20.1
"2440",1998,19.6
"2441",2000,20
"2442",2002,19.7
"2443",2003,19.55
"2444",2003,19.7
"2445",2004,18.6
"2446",2004,18.05
"2447",2005,20.8
"2448",2005,20
"2449",2005,20.35
"2450",2005,20.4
"2451",2006,19.65
"2452",2006,18.5
"2453",2006,18.8
"2454",2007,19.05
"2455",2008,19.65
"2456",2008,19.6
"2457",2008,19.5
"2458",2009,19.7
"2459",2009,19.8
"2460",2009,19.9
"2461",2009,19.65
"2462",2010,20.1
"2463",2010,19.55
"2464",2011,19.45
"2465",2011,19.35
"2466",2011,19.6
"2467",2012,20.35
"2468",2012,20.4
"2469",2012,20.3
"2470",2014,20.2
"2471",2014,20.35
"2472",2014,19.65
"2473",2014,20.2
"2474",2014,NA
"2475",2015,19.4
"2476",2018,20.2
"2477",2020,19.75
"2478",2020,19.6
"2479",2022,19.2
"2480",2023,18.4
"2481",2025,19.2
"2482",2025,19
"2483",2035,18.95
"2484",2037,19.95
"2485",2038,19.1
"2486",2042,19.95
"2487",2042,19.7
"2488",2042,19.9
"2489",2042,19.9
"2490",2042,20
"2491",2042,20
"2492",2042,20.1
"2493",2043,19.7
"2494",2043,20.1
"2495",2043,19
"2496",2043,18.9
"2497",2043,18.8
"2498",2044,19.3
"2499",2044,19.45
"2500",2044,19.35
"2501",2044,19.4
"2502",2044,19.3
"2503",2044,NA
"2504",2045,18.6
"2505",2046,19.65
"2506",2046,NA
"2507",2049,19.25
"2508",2049,19.75
"2509",2049,NA
"2510",2049,NA
"2511",2049,NA
"2512",2050,20.1
"2513",2050,20.3
"2514",2060,18.6
"2515",2060,18.55
"2516",2064,19.5
"2517",2066,20.1
"2518",2066,19.95
"2519",2066,20
"2520",2066,20
"2521",2073,18.7
"2522",2073,18.7
"2523",2073,18.75
"2524",2074,18.8
"2525",2074,18.7
"2526",2074,18.6
"2527",2074,18.5
"2528",2074,NA
"2529",2075,18.6
"2530",2075,18.4
"2531",2075,NA
"2532",2075,NA
"2533",2075,NA
"2534",2076,18.4
"2535",2076,18.55
"2536",2076,18.45
"2537",2076,18.3
"2538",2076,18.3
"2539",2076,NA
"2540",2076,NA
"2541",2076,NA
"2542",2078,18.95
"2543",2078,19.1
"2544",2078,19
"2545",2078,18.95
"2546",2078,19.15
"2547",2078,NA
"2548",2081,NA
"2549",2081,21.55
"2550",2081,21.6
"2551",2082,NA
"2552",2082,19.55
"2553",2082,19.5
"2554",2082,19.3
"2555",2082,NA
"2556",2082,19.25
"2557",2083,19.45
"2558",2083,19.5
"2559",2083,19.4
"2560",2083,19.6
"2561",2083,19.7
"2562",2083,19.4
"2563",2084,18.45
"2564",2084,18.45
"2565",2087,NA
"2566",2091,NA
"2567",2091,19.25
"2568",2091,NA
"2569",2092,20.1
"2570",2093,20
"2571",2093,19.95
"2572",2093,20
"2573",2093,20.15
"2574",2093,20
"2575",2093,NA
"2576",2093,NA
"2577",2093,NA
"2578",2094,19.6
"2579",2094,19.65
"2580",2094,19.9
"2581",2094,19.7
"2582",2095,19.8
"2583",2095,19.8
"2584",2096,18.85
"2585",2096,18.9
"2586",2099,19.25
"2587",2099,19
"2588",2101,19
"2589",2102,19.9
"2590",2102,NA
"2591",2102,20
"2592",2102,19.95
"2593",2103,19.8
"2594",2103,19.7
"2595",2103,20.7
"2596",2103,19.85
"2597",2104,NA
"2598",2111,19.4
"2599",2112,19.35
"2600",2112,18.65
"2601",2114,19.7
"2602",2114,19.7
"2603",2116,19.55
"2604",2116,19.3
"2605",2117,NA
"2606",2118,19.3
"2607",2118,19.4
"2608",2118,19.45
"2609",2118,19.4
"2610",2119,19.65
"2611",2119,19.6
"2612",2119,19.65
"2613",2119,19.45
"2614",2119,19.6
"2615",2120,19.75
"2616",2120,19.9
"2617",2120,19.75
"2618",2120,19.6
"2619",2120,19.75
"2620",2121,19.8
"2621",2121,19.85
"2622",2121,19.8
"2623",2121,19.9
"2624",2121,19.75
"2625",2121,NA
"2626",2122,19.25
"2627",2123,19.8
"2628",2123,19.45
"2629",2126,19
"2630",2126,19.95
"2631",2126,19.85
"2632",2126,20
"2633",2128,20.1
"2634",2128,20.5
"2635",2128,NA
"2636",2128,20.4
"2637",2128,20.45
"2638",2128,20.4
"2639",2128,NA
"2640",2130,19.6
"2641",2130,20.1
"2642",2130,20.2
"2643",2131,20.05
"2644",2131,20.25
"2645",2131,20.4
"2646",2131,19.9
"2647",2131,NA
"2648",2133,20
"2649",2133,20
"2650",2133,20
"2651",2133,19.95
"2652",2133,20.1
"2653",2133,19.95
"2654",2133,20.1
"2655",2133,NA
"2656",2137,20.95
"2657",2137,20.7
"2658",2137,21.05
"2659",2139,19.7
"2660",2139,19.7
"2661",2139,19.6
"2662",2142,19.05
"2663",2142,NA
"2664",2142,18.8
"2665",2143,21
"2666",2143,20.5
"2667",2143,20.5
"2668",2144,21.2
"2669",2144,21.3
"2670",2146,19.85
"2671",2151,20.25
"2672",2151,20.1
"2673",2151,20.4
"2674",2153,20.1
"2675",2153,19.9
"2676",2153,19.8
"2677",2153,19.3
"2678",2153,20.25
"2679",2153,20.1
"2680",2153,20.1
"2681",2153,19.85
"2682",2153,20.05
"2683",2153,NA
"2684",2153,19.4
"2685",2153,19.4
"2686",2154,20.2
"2687",2154,20.05
"2688",2158,19.8
"2689",2159,19.3
"2690",2159,20.1
"2691",2159,19.75
"2692",2159,19.95
"2693",2160,19.1
"2694",2160,19.7
"2695",2163,19
"2696",2165,19.8
"2697",2165,20
"2698",2165,20.3
"2699",2165,19.7
"2700",2170,20
"2701",2170,19.4
"2702",2170,19.7
"2703",2170,19.9
"2704",2172,20.25
"2705",2172,20.4
"2706",2172,20.6
"2707",2173,19.95
"2708",2173,20
"2709",2173,19.7
"2710",2173,19.8
"2711",2173,19.95
"2712",2173,NA
"2713",2173,NA
"2714",2174,20.1
"2715",2175,20
"2716",2175,19.85
"2717",2175,19.9
"2718",2176,19.6
"2719",2176,19.9
"2720",2179,18.8
"2721",2179,19
"2722",2179,18.85
"2723",2180,19.3
"2724",2183,19.65
"2725",2185,20.2
"2726",2185,20.25
"2727",2185,20.4
"2728",2185,20.35
"2729",2185,20.55
"2730",2186,19.2
"2731",2186,18.9
"2732",2186,19.2
"2733",2186,NA
"2734",2186,19.3
"2735",2186,NA
"2736",2187,19.5
"2737",2187,19.55
"2738",2187,19.5
"2739",2187,19.6
"2740",2189,18.8
"2741",2190,19.8
"2742",2190,19.9
"2743",2191,20.5
"2744",2191,20.75
"2745",2191,20.8
"2746",2191,NA
"2747",2191,NA
"2748",2192,20.8
"2749",2192,20.7
"2750",2192,20.3
"2757",2203,20.8
"2758",2203,20.8
"2759",2203,20.25
"2760",2208,18.55
"2761",2208,18.8
"2762",2208,18.7
"2763",2223,20.6
"2764",2224,19.65
"2775",2225,19.7
"2776",2225,20.15
"2777",2225,19.6
"2778",2225,20
"2779",2225,19.85
"2780",2225,19.8
"2781",2225,19.8
"2782",2232,18.8
"2783",2232,18.55
"2784",2232,18.8
"2785",2232,NA
"2786",2237,18.25
"2787",2238,20.5
"2788",2238,20.65
"2789",2238,21
"2790",2239,19.65
"2791",2241,18.9
"2792",2241,19.2
"2793",2241,19.05
"2794",2241,19.1
"2795",2241,19.3
"2796",2241,19.5
"2797",2241,19.7
"2798",2241,19
"2799",2247,20.6
"2800",2247,20.55
"2801",2248,20.5
"2802",2250,19.5
"2803",2250,19.6
"2804",2250,19.85
"2805",2250,19.5
"2806",2250,NA
"2807",2250,NA
"2808",2251,18.6
"2809",2254,20.1
"2810",2254,20.15
"2811",2256,20.35
"2812",2256,20.75
"2813",2256,20.8
"2814",2256,20.25
"2815",2256,20.25
"2816",2256,20.4
"2817",2256,NA
"2818",2258,19.65
"2819",2258,20.75
"2820",2263,19.1
"2821",2263,19.25
"2822",2263,19.45
"2823",2263,19.25
"2824",2264,19
"2825",2264,19.7
"2826",2264,19.45
"2827",2265,20.8
"2828",2265,20.55
"2829",2266,19.5
"2830",2266,19.9
"2831",2266,19.7
"2832",2268,19.65
"2833",2275,19.1
"2834",2278,19.55
"2835",2278,19.65
"2836",2278,19.8
"2837",2279,19.35
"2838",2282,18.9
"2839",2282,18.9
"2840",2283,19
"2841",2283,19.2
"2842",2284,18.85
"2843",2284,18.95
"2844",2286,19.4
"2845",2286,19.65
"2846",2286,19.55
"2847",2286,20.6
"2848",2287,19.85
"2849",2287,20.2
"2850",2287,20.25
"2851",2288,20
"2852",2289,19.55
"2853",2289,19.85
"2854",2289,19.5
"2855",2289,19.7
"2856",2289,19.6
"2857",2289,NA
"2858",2289,NA
"2864",2290,20.4
"2865",2291,19.9
"2866",2291,19.75
"2867",2291,19.85
"2868",2291,19.75
"2869",2291,19.65
"2870",2292,19.15
"2871",2292,20.4
"2872",2292,19.45
"2873",2293,19.35
"2874",2296,20.95
"2875",2297,20.45
"2876",2297,20
"2877",2300,20.1
"2878",2300,19.65
"2879",2302,19.2
"2880",2302,19.8
"2881",2302,20.3
"2882",2302,NA
"2883",2302,20.3
"2884",2302,19.9
"2885",2302,NA
"2886",2302,NA
"2887",2303,NA
"2888",2304,20.15
"2889",2305,20.55
"2890",2305,20.35
"2891",2307,19.45
"2892",2307,19.6
"2893",2307,19.5
"2894",2308,18.6
"2895",2308,19
"2896",2308,18.9
"2897",2311,20.1
"2898",2311,19.8
"2899",2313,19.2
"2900",2313,19.55
"2901",2313,20
"2902",2314,20.85
"2903",2315,19.75
"2904",2316,19.8
"2905",2316,19.4
"2906",2318,19.75
"2907",2321,19.5
"2908",2322,19.1
"2909",2322,18.7
"2910",2323,20.7
"2911",2323,20.25
"2914",2324,20
"2915",2324,NA
"2916",2326,20.5
"2917",2326,20
"2918",2326,20.1
"2919",2326,20.2
"2920",2327,20.35
"2921",2327,20.1
"2922",2327,20.5
"2923",2327,20.2
"2924",2332,20.05
"2925",2332,20
"2926",2332,20
"2927",2332,20
"2928",2333,19.2
"2929",2333,19.1
"2930",2333,19.2
"2931",2333,19.4
"2932",2335,19.65
"2933",2336,19.35
"2934",2337,19.7
"2935",2337,19.7
"2936",2338,NA
"2937",2338,19
"2938",2338,19.35
"2940",2339,19.75
"2941",2339,20.6
"2942",2345,20.5
"2943",2345,19.9
"2944",2345,19.85
"2945",2345,20.2
"2946",2345,20
"2947",2347,18.95
"2948",2347,19.15
"2949",2347,19.3
"2950",2355,20.25
"2951",2355,19.6
"2952",2355,19.8
"2953",2355,19.2
"2954",2356,19.95
"2955",2356,19
"2956",2358,18.7
"2957",2358,18.8
"2958",2358,18.65
"2959",2360,20
"2960",2360,19.9
"2961",2360,20.1
"2962",2360,20.1
"2963",2361,19.6
"2964",2361,19.6
"2965",2361,19.8
"2966",2362,19.1
"2967",2362,19
"2968",2362,19.4
"2969",2363,19.9
"2970",2365,18.4
"2971",2365,18.9
"2972",2366,19
"2973",2367,19.55
"2974",2367,19.55
"2975",2369,19.8
"2976",2369,19.8
"2977",2369,19.6
"2978",2369,NA
"2979",2369,NA
"2980",2370,19.7
"2981",2370,19.8
"2982",2370,NA
"2983",2370,NA
"2984",2371,20.45
"2985",2372,20.95
"2986",2372,21
"2987",2372,20.9
"2988",2372,NA
"2989",2372,NA
"2990",2372,NA
"2991",2372,NA
"2992",2372,NA
"2993",2373,19.75
"2994",2373,NA
"2995",2382,20.2
"2996",2382,NA
"2997",2382,NA
"2998",2383,19.65
"2999",2383,19.95
"3000",2383,NA
"3001",2383,NA
"3002",2383,NA
"3003",2383,NA
"3004",2383,NA
"3005",2383,NA
"3006",2384,20.7
"3007",2384,20.7
"3008",2384,20.8
"3009",2384,20.55
"3010",2384,NA
"3011",2386,20.2
"3012",2386,NA
"3013",2386,NA
"3014",2389,19.6
"3015",2389,19.4
"3016",2389,19.35
"3017",2389,NA
"3018",2391,19.65
"3019",2393,18.45
"3020",2393,NA
"3021",2393,NA
"3022",2395,19.8
"3023",2397,20
"3024",2398,20.5
"3025",2398,20.7
"3026",2398,NA
"3027",2398,NA
"3028",2398,NA
"3029",2398,NA
"3030",2398,NA
"3031",2399,20
"3032",2399,NA
"3033",2399,NA
"3034",2399,NA
"3035",2399,NA
"3036",2399,NA
"3037",2399,NA
"3038",2400,NA
"3058",2401,20.4
"3059",2402,19.2
"3060",2406,19
"3061",2411,18.9
"3062",2413,19
"3063",2413,19.1
"3064",2413,19
"3065",2413,19.2
"3066",2413,18.9
"3067",2418,19.6
"3068",2419,18.4
"3069",2421,20
"3070",2430,19.8
"3071",2430,19.6
"3072",2430,19.4
"3073",2431,18.7
"3074",2432,19.1
"3075",2435,20.4
"3076",2441,18.5
"3077",2441,18.5
"3081",2448,19.8
"3082",2463,19.3
"3083",2466,19.1
"3084",2476,20.2
"3085",2478,19.7
"3086",2479,18.9
"3087",2480,19
"3088",2480,18.9
"3089",2485,19.2
"3090",2485,19.2
"3091",2487,19.7
"3092",2488,19.6
"3093",2488,20.5
"3094",2488,20.5
"3095",2497,20.7
"3096",2501,20.3
"3097",2501,20
"3098",2509,20
"3099",2510,19.8
"3100",2510,20.2
"3101",2513,19.3
"3102",2513,19.6
"3103",2513,19.1
"3104",2515,18.4
"3105",2515,18.5
"3106",2518,19.9
"3107",2518,19.2
"3108",2522,19.2
"3109",2524,20.8
"3110",2526,18.8
"3111",2526,19
"3112",2531,18.7
"3113",2532,19.3
"3114",2533,19.4
"3115",2534,20
"3116",2534,20.2
"3117",2534,20
"3118",2534,20
"3119",2534,20.2
"3120",2535,19.5
"3121",2536,20
"3122",2536,19.9
"3123",2538,19.2
"3124",2539,20.2
"3125",2539,20
"3126",2539,19.8
"3127",2539,20
"3128",2539,19.9
"3129",2539,19.8
"3130",2542,19.7
"3131",2542,20
"3132",2542,19.6
"3133",2543,19.6
"3134",2549,18.6
"3135",2553,19
"3136",2555,20.4
"3137",2557,19.4
"3138",2562,19.7
"3139",2564,19.9
"3140",2569,18.3
"3141",2573,18.8
"3142",2574,19.2
"3143",2574,19.2
"3144",2574,18.9
"3145",2578,19.2
"3146",2578,19.6
"3148",2580,19
"3149",2583,19.6
"3150",2587,19.9
"3151",2588,19.8
"3152",2588,19.3
"3153",2589,20
"3154",2591,19.6
"3155",2591,19.3
"3156",2595,17.6
"3157",2597,19
"3158",2598,18.8
"3159",2599,19.5
"3160",2599,19.6
"3161",2599,19.4
"3162",2599,19.3
"3163",2600,19.4
"3164",2600,19.4
"3165",2600,19.5
"3166",2602,19.6
"3167",2606,20.1
"3168",2608,19.4
"3169",2608,19.5
"3170",2611,19.3
"3171",2611,19.6
"3172",2620,19
"3173",2625,19.3
"3174",2626,18.6
"3175",2626,18.8
"3176",2627,19.2
"3177",2628,20.6
"3178",2628,19.6
"3179",2630,19.5
"3180",2632,19.2
"3181",2635,21.4
"3182",2635,21.3
"3183",2639,19.1
"3184",2639,19.1
"3185",2644,19.1
"3186",2645,18.3
"3187",2646,20
"3188",2650,19.6
"3189",2653,19.7
"3190",2657,19.5
"3191",2659,19.3
"3192",2660,19.9
"3193",2660,19.7
"3194",2661,18.8
"3195",2661,18.5
"3196",2666,20.6
"3197",2666,20.6
"3198",2667,20.4
"3199",2667,19.9
"3200",2673,18.9
"3201",2678,19.65
"3202",2678,19.85
"3203",2678,19.8
"3204",2679,19.6
"3205",2679,19.2
"3206",2680,19.7
"3207",2681,19
"3208",2681,19.55
"3209",2682,20
"3210",2682,20.4
"3211",2682,20.2
"3212",2682,20.1
"3213",2683,20.3
"3214",2683,19.8
"3215",2684,19.9
"3216",2688,20.6
"3217",2688,NA
"3218",2690,19.4
"3219",2690,19.4
"3220",2690,19.35
"3221",2690,19.5
"3222",2694,19.85
"3223",2694,20
"3224",2695,20.7
"3225",2696,20
"3226",2696,20.2
"3227",2699,19.3
"3228",2699,19.2
"3229",2699,18.6
"3230",2699,18.7
"3231",2699,18.7
"3232",2699,18.5
"3233",2703,20.2
"3234",2707,20.35
"3235",2707,20.35
"3236",2708,20.15
"3237",2711,19.7
"3242",2720,19.05
"3243",2721,20.8
"3244",2723,19
"3245",2725,20
"3246",2725,19.7
"3247",2727,20.5
"3248",2728,19.45
"3249",2729,20.4
"3250",2730,19.3
"3251",2730,19.15
"3257",2731,19.65
"3258",2732,19.4
"3263",2736,18.6
"3264",2737,19.6
"3267",2740,20.6
"3268",2740,19.2
"3269",2740,18.9
"3270",2931,19
"3271",2943,20.5
"3272",2943,20.2
"3273",2976,20.5
"3274",2976,20.3
"3275",2976,20.1
"3276",2976,20.4
"3277",3031,19.4
"3278",3031,19.5
"3279",3031,19.5
"3280",3049,21.2
"3281",3049,21.4
"3282",3066,20.3
"3283",3066,19.7
"3284",3066,20.2
"3285",3066,20.3
"3286",3071,19.1
"3287",3071,18.9
"3288",3099,18.4
"3289",3113,19.6
"3290",3113,19.6
"3291",3113,19.8
"3292",3113,19
"3293",3120,19
"3294",3138,19.7
"3295",3219,19.4
"3296",3219,19.5
"3297",3342,19.6
"3298",3342,19.7
"3299",3342,20
"3300",3342,19.9
"3301",3354,19.9
"3302",3354,19.8
"3303",3354,20
"3304",3354,19.4
"3305",3354,20.2
"3306",3361,20.3
"3307",3361,20.1
"3308",3361,20.4
"3309",3408,19.4
"3310",3408,19.2
"3311",3414,20.8
"3312",3414,20.4
"3313",3417,19.9
"3314",3417,20.2
"3315",3417,20.2
"3316",3417,20.5
"3317",3431,21.4
"3318",3431,21.1
"3319",3431,21.2
"3320",3459,20.3
"3321",3459,20.7
"3322",3459,20.5
"3323",3459,20.5
"3324",3459,20.4
"3325",3459,19.3
"3326",3459,20.5
"3327",3466,19.3
"3328",3466,19.1
"3329",3466,19.6
"3330",3466,19.4
"3331",3466,19.5
"3332",3475,19
"3333",3475,19.3
"3334",3479,20.3
"3335",3479,20.3
"3336",3479,20.9
"3337",3489,18.9
"3338",3489,19.2
"3339",3489,19.2
"3340",3489,19.3
"3341",3490,19
"3342",3490,19.5
"3343",3490,19.5
"3344",3490,19.3
"3345",3493,19.8
"3346",3493,20.7
"3347",3493,20.5
"3348",3493,20
"3349",3494,18
"3350",3494,18.4
"3351",3494,18.3
"3352",3494,18.5
"3353",3494,18.7
"3354",3494,18.5
"3355",3502,19.6
"3356",3505,18.7
"3357",3506,19.4
"3358",3518,18.3
"3359",3544,19.4
"3360",3551,19.4
"3361",3576,19
"3362",3589,20.5
"3363",3590,20.6
"3364",3590,21.1
"3365",3591,19
"3366",3619,19
"3367",3631,20.3
"3368",3635,18.8
"3369",3635,18.9
"3370",3659,20.2
"3371",3674,19.4
"3372",3751,19.75
"3373",3751,19.7
"3374",3751,20
"3375",3755,19.15
"3376",3755,19.7
"3377",3755,19.4
"3378",3757,18.1
"3379",3759,20.4
"3380",3759,19.3
"3381",3764,21
"3382",3769,21
"3383",3769,20.95
"3384",3769,20.8
"3385",3769,20.8
"3386",3769,20.65
"3387",3770,20.95
"3388",3772,20.05
"3389",3772,20
"3390",3774,19.8
"3391",3774,19.55
"3392",3775,19.4
"3393",3775,19.3
"3394",3775,19.4
"3395",3775,19.55
"3396",3775,18.8
"3397",3776,19.2
"3398",3776,19.4
"3399",3776,19.1
"3400",3776,19.2
"3401",3776,19.1
"3402",3777,19.2
"3403",3777,19.6
"3404",3778,20.65
"3405",3778,20.3
"3406",3779,19.25
"3407",3785,20.9
"3408",3785,19.2
"3409",3785,19
"3410",3785,19.3
"3411",3785,19.9
"3412",3787,20.15
"3413",3787,20.3
"3414",3788,19.5
"3415",3788,19.45
"3416",3789,19.2
"3417",3790,19.15
"3418",3791,19.25
"3419",3791,19.5
"3420",3792,18.5
"3421",3793,20.75
"3422",3793,20.4
"3424",3795,19.9
"3425",3795,19.85
"3426",3795,20.25
"3427",3796,20.3
"3428",3796,20.9
"3429",3796,20.3
"3430",3798,20.4
"3431",3798,19.65
"3432",3798,19.75
"3433",3798,22
"3434",3798,NA
"3435",3799,20.45
"3437",3803,NA
"3438",3803,19.05
"3452",3804,21.55
"3453",3804,20.3
"3465",3805,19.9
"3467",3806,20.1
"3468",3806,19.2
"3469",3806,19.6
"3470",3807,20.1
"3471",3811,20.1
"3472",3811,20.2
"3473",3812,20.55
"3474",3813,20.55
"3475",3813,NA
"3476",3815,21.3
"3477",3815,19.8
"3478",3816,19.6
"3479",3816,19.8
"3480",3819,19.75
"3481",3819,18.4
"3482",3820,20.8
"3483",3820,20.5
"3484",3820,20.7
"3485",3820,20.7
"3486",3822,20.95
"3487",3822,19.6
"3488",3824,20.9
"3489",3825,20.35
"3490",3828,19.6
"3505",3829,19.25
"3506",3830,20.25
"3507",3830,20.3
"3508",3843,NA
"3509",3843,19.6
"3510",3843,19.3
"3511",3843,19.3
"3512",3845,18.75
"3513",3849,20.05
"3514",3849,19.5
"3515",3849,19.9
"3516",3849,19.6
"3519",3859,19.45
"3520",3859,19.2
"3521",3859,18.9
"3522",3859,18.9
"3523",3861,19.7
"3524",3861,19.2
"3525",3862,19
"3526",3862,19.15
"3527",3863,19.6
"3528",3863,19.5
"3529",3863,18.7
"3530",3863,19.2
"3531",3863,19
"3532",3864,18.8
"3533",3864,19
"3534",3864,19.1
"3535",3864,19.1
"3536",3865,18.6
"3537",3867,19.05
"3538",3867,19
"3539",3869,20.15
"3540",3869,20.35
"3541",3870,20
"3542",3872,18.9
"3543",3872,18.9
"3544",3874,18.9
"3545",3876,18.95
"3546",3876,18.8
"3547",3877,18.75
"3548",3879,19.1
"3549",3880,20.2
"3550",3882,19.7
"3552",3883,19.25
"3553",3884,19.4
"3554",3884,19.4
"3555",3886,19.5
"3556",3887,19.8
"3557",3887,19.8
"3558",3888,19.4
"3559",3888,19.2
"3560",3888,21
"3561",3888,19.5
"3562",3893,19.4
"3563",3896,19.6
"3564",3896,19.3
"3565",3899,18.9
"3566",3900,18.9
"3567",3901,18.3
"3568",3902,19.9
"3569",3909,19
"3570",3910,19.6
"3571",3923,19.1
"3572",3927,19.1
"3573",3928,18.9
"3574",3932,20
"3575",3932,20.3
"3576",3933,19.1
"3577",3934,20
"3578",3937,19.8
"3579",3939,19.7
"3580",3939,19.7
"3581",3939,19.6
"3582",3940,19.3
"3583",3941,19
"3584",3941,18.9
"3585",3941,19
"3586",3946,19.3
"3587",3946,19.3
"3588",3948,19.8
"3589",3948,19.8
"3590",3950,18.5
"3591",3950,18.5
"3592",3950,18.6
"3593",3951,19.7
"3594",3954,19.3
"3595",3965,18.8
"3596",3965,18.9
"3597",3966,18.3
"3598",3973,19.6
"3599",3977,19.3
"3600",3978,20
"3601",3978,19.6
"3602",3979,20.3
"3603",3983,18.3
"3604",3987,19.6
"3605",3987,19.7
"3606",3987,19.2
"3607",3987,19.6
"3608",4005,19.1
"3609",4013,19.7
"3610",4013,20.1
"3611",4013,20
"3612",4013,20.1
"3613",4013,19.9
"3614",4013,19.8
"3615",4013,19.6
"3616",4013,19.8
"3617",4017,19.7
"3618",4017,19.6
"3619",4017,19.6
"3620",4017,19.6
"3621",4022,18.2
"3622",4022,18.4
"3623",4022,18.2
"3624",4022,18.1
"3625",4026,18.8
"3626",4026,19.2
"3627",4026,19
"3628",4026,19.3
"3629",4026,18.9
"3630",4036,20
"3631",4036,20.1
"3632",4037,19.8
"3633",4038,19.6
"3634",4038,21
"3635",4039,19.1
"3636",4039,19.3
"3637",4039,19.2
"3638",4039,19.3
"3639",4039,19.5
"3640",4041,20.3
"3641",4041,20
"3642",4045,20
"3643",4045,19.8
"3644",4045,19
"3645",4045,19.8
"3646",4046,18.4
"3647",4046,18.1
"3648",4046,18.1
"3649",4047,18.9
"3650",4047,19.3
"3651",4047,19.4
"3652",4048,19
"3653",4049,19
"3654",4051,19.2
"3655",4052,19.2
"3656",4052,18.6
"3657",4052,18.5
"3658",4052,18.8
"3659",4053,19.2
"3660",4053,19
"3661",4054,21
"3662",4057,17.4
"3663",4057,17.9
"3664",4057,NA
"3665",4057,17.8
"3666",4060,18.4
"3667",4060,18.7
"3668",4060,18.1
"3669",4061,18.2
"3670",4062,19.5
"3671",4062,19.7
"3672",4062,19.5
"3673",4065,19.9
"3674",4065,20.1
"3675",4067,20
"3676",4068,19.3
"3677",4068,19.4
"3678",4076,NA
"3679",4076,18.6
"3680",4078,20.6
"3681",4080,19.1
"3682",4080,19
"3683",4081,18.9
"3684",4081,18.9
"3685",4085,19.8
"3686",4086,19.7
"3687",4086,19.8
"3688",4086,19.8
"3689",4086,19.6
"3690",4089,19.8
"3691",4089,20.2
"3692",4090,19.6
"3693",4090,19.3
"3694",4092,19.1
"3695",4092,19
"3696",4094,20.6
"3697",4095,20.5
"3698",4095,20.3
"3699",4096,20.4
"3700",4102,19.7
"3701",4104,20.4
"3702",4104,NA
"3703",4108,19.6
"3704",4108,19.7
"3705",4111,20
"3706",4111,19.8
"3707",4112,18.9
"3708",4112,19.1
"3709",4121,20.4
"3710",4121,20.1
"3711",4124,19.7
"3712",4124,19.8
"3713",4125,19.4
"3714",4125,NA
"3715",4128,19.8
"3716",4131,20
"3717",4132,20.5
"3718",4134,20.2
"3719",4137,19.7
"3720",4137,19.5
"3721",4139,20.4
"3722",4139,20.7
"3723",4139,20.7
"3724",4139,20.6
"3725",4141,19.8
"3726",4141,19.4
"3727",4141,19.6
"3728",4143,19.4
"3729",4144,19.3
"3730",4144,19
"3731",4145,19.8
"3732",4145,19.4
"3733",4147,19.9
"3734",4147,19.1
"3735",4148,21.2
"3736",4148,21.1
"3737",4148,21.3
"3738",4148,NA
"3739",4149,21
"3740",4149,21.4
"3741",4149,21.4
"3742",4149,21.2
"3743",4149,21.1
"3744",4149,21.4
"3745",4151,18.8
"3746",4151,18.8
"3747",4154,19.3
"3748",4155,19.8
"3749",4155,19.6
"3750",4155,19.8
"3751",4155,19.6
"3752",4158,18
"3753",4161,18.6
"3754",4161,19.1
"3755",4167,20
"3756",4170,19.5
"3757",4170,19.5
"3758",4171,20.3
"3759",4173,19.4
"3760",4173,19.5
"3761",4175,19.7
"3762",4183,18.8
"3763",4183,18.7
"3764",4184,18.2
"3765",4185,18.9
"3766",4193,20.5
"3767",4193,20.5
"3768",4193,20.7
"3769",4193,20.5
"3770",4193,20.4
"3771",4193,20.7
"3772",4193,21
"3773",4194,20.7
"3774",4196,19.5
"3775",4196,19.7
"3776",4196,19.6
"3777",4196,19.7
"3778",4199,19.6
"3779",4199,20
"3780",4199,20.1
"3781",4199,20.1
"3782",4202,20
"3783",4202,20.7
"3784",4202,20.7
"3785",4203,19.4
"3786",4203,19.4
"3787",4203,19.2
"3788",4203,19.4
"3789",4205,20.5
"3790",4205,20.7
"3791",4206,19.8
"3792",4213,20.5
"3793",4214,19.8
"3794",4215,20.4
"3795",4215,20.3
"3796",4215,20.6
"3797",4215,20.6
"3798",4216,18.6
"3799",4220,18.7
"3800",4220,18.7
"3801",4222,19.4
"3802",4222,19.1
"3803",4222,19.4
"3804",4222,19.4
"3805",4223,18.1
"3806",4223,18.9
"3807",4223,18.5
"3808",4223,19.1
"3809",4224,19.2
"3810",4225,20.6
"3811",4228,19.4
"3812",4228,19.5
"3813",4230,18.9
"3815",4234,19.2
"3816",4235,18.5
"3817",4237,20.3
"3818",4237,20.2
"3819",4242,19.5
"3820",4243,19.7
"3821",4246,18.5
"3822",4246,19.2
"3823",4247,18.9
"3824",4249,19.2
"3825",4250,18.7
"3826",4250,19.1
"3827",4250,19
"3828",4252,19.2
"3829",4252,19.3
"3830",4256,19
"3831",4263,19.9
"3832",4263,19.9
"3833",4264,20
"3834",4266,18.7
"3835",4267,20.4
"3836",4267,20.3
"3837",4267,20.5
"3838",4267,19.9
"3839",4267,20
"3840",4267,20
"3841",4268,18.4
"3842",4268,19.3
"3843",4268,19.2
"3844",4271,18.5
"3845",4277,18
"3846",4281,18
"3847",4284,18.6
"3848",4285,19.4
"3849",4285,19.3
"3850",4288,17.3
"3851",4292,17.8
"3852",4294,19.3
"3853",4294,19.4
"3854",4294,19.4
"3855",4295,19.4
"3856",4298,19.1
"3857",4302,19.4
"3858",4305,18.2
"3859",4311,19.5
"3860",4312,19.5
"3861",4312,19.3
"3862",4312,19.3
"3863",4313,18.9
"3864",4314,20
"3865",4316,19.8
"3866",4316,19.5
"3867",4316,19.7
"3868",4316,19.6
"3869",4316,19.9
"3870",4319,18.2
"3871",4320,17.2
"3872",4322,16.8
"3873",4322,17.4
"3874",4322,17.5
"3875",4322,17.5
"3876",4326,19.4
"3877",4330,18.8
"3878",4341,18.9
"3879",4342,20.6
"3880",4343,19.9
"3881",4348,18.5
"3882",4352,19.7
"3883",4352,20.3
"3884",4352,20.1
"3885",4352,19.8
"3886",4352,20.2
"3887",4353,20.6
"3888",4355,20.1
"3889",4357,19.6
"3890",4359,19.9
"3891",4359,20.1
"3892",4359,20
"3893",4369,19.4
"3894",4370,20.8
"3895",4370,20.3
"3896",4370,20.3
"3897",4373,19.7
"3898",4376,19.4
"3899",4378,18.3
"3900",4378,19
"3901",4378,19
"3902",4383,18.6
"3903",4385,18.6
"3904",4391,20
"3905",4399,19.4
"3906",4402,19.3
"3907",4409,20
"3908",4411,20.2
"3909",4413,19.8
"3910",4416,19.6
"3911",4417,19.8
"3912",4417,19.3
"3913",4420,20.1
"3914",4423,19.4
"3915",4423,19.5
"3916",4423,19.5
"3917",4424,18.9
"3918",4424,19.3
"3919",4424,19.2
"3920",4426,20.4
"3921",4426,20.7
"3922",4426,20.8
"3923",4426,20.3
"3924",4427,19.1
"3925",4427,18.6
"3926",4427,18.9
"3927",4427,19.2
"3928",4429,18.6
"3929",4429,19
"3930",4432,19.5
"3931",4435,19.8
"3932",4435,20
"3933",4442,20.4
"3934",4443,19.6
"3935",4443,20.2
"3936",4443,20.1
"3937",4447,19.4
"3938",4447,20.4
"3939",4450,19.7
"3940",4450,19.4
"3941",4450,19.8
"3942",4453,19
"3943",4453,18.9
"3944",4455,19.8
"3945",4455,19.3
"3946",4455,19.3
"3947",4460,18.7
"3948",4460,NA
"3949",4460,NA
"3950",4463,19.7
"3951",4463,20.1
"3952",4464,19.2
"3953",4464,19.2
"3954",4464,19
"3955",4464,19.8
"3956",4468,18.9
"3957",4468,19.1
"3958",4468,NA
"3959",4472,19.2
"3960",4475,19.9
"3961",4478,19.6
"3962",4478,NA
"3963",4481,20.6
"3964",4481,20.6
"3965",4483,19.2
"3966",4483,19
"3967",4483,19.2
"3968",4485,19.3
"3969",4486,19.2
"3970",4488,19.3
"3971",4488,19.6
"3972",4489,20.3
"3973",4489,20.4
"3974",4492,20.2
"3975",4492,20.3
"3976",4492,NA
"3977",4492,21.8
"3978",4493,19.2
"3979",4493,19.5
"3980",4493,NA
"3981",4495,20.2
"3982",4496,20.3
"3983",4496,20.1
"3984",4496,20.2
"3985",4496,20
"3986",4497,19.3
"3987",4497,19.2
"3988",4497,19.2
"3989",4498,19
"3990",4498,19
"3991",4500,20
"3992",4500,20.2
"3993",4501,19.2
"3994",4501,19
"3995",4501,NA
"3996",4503,19.6
"3997",4503,19.4
"3998",4503,NA
"3999",4504,NA
"4000",4506,19.4
"4001",4506,19.7
"4002",4507,19.5
"4003",4508,19.3
"4004",4508,19.6
"4005",4508,19.4
"4006",4509,19.3
"4007",4509,NA
"4008",4510,20.7
"4009",4510,20.5
"4010",4510,20.3
"4011",4511,20.1
"4012",4512,19.2
"4013",4512,19.8
"4014",4516,19.3
"4015",4516,NA
"4016",4519,NA
"4017",4519,20.2
"4018",4520,NA
"4019",4520,19.4
"4020",4520,19.8
"4021",4522,19.8
"4022",4524,NA
"4023",4524,19.3
"4024",4525,20
"4025",4525,20.2
"4026",4525,20.4
"4027",4526,19.7
"4028",4526,19.4
"4029",4527,19.6
"4030",4527,19.6
"4031",4530,18.6
"4032",4530,18.7
"4033",4532,20.3
"4034",4534,NA
"4035",4534,19.1
"4036",4535,18.8
"4037",4535,NA
"4038",4536,NA
"4039",4536,19.7
"4040",4536,19.9
"4041",4537,18.8
"4042",4537,18.7
"4043",4538,18.8
"4044",4539,20.1
"4045",4540,19.6
"4046",4540,20.2
"4047",4545,19.8
"4048",4545,20.5
"4049",4546,19.3
"4050",4549,20
"4051",4549,20.2
"4052",4550,20.1
"4053",4551,19.3
"4054",4552,20.4
"4055",4554,20.2
"4056",4554,20.9
"4057",4559,18.6
"4058",4561,NA
"4059",4561,NA
"4060",4562,20
"4061",4563,19.5
"4062",4563,NA
"4063",4564,20.2
"4064",4564,20.2
"4065",4565,20.9
"4066",4566,20.4
"4067",4566,20.3
"4068",4567,19.7
"4069",4568,18.5
"4070",4568,20.6
"4071",4570,18.9
"4072",4570,19
"4073",4571,19.5
"4074",4571,19.3
"4075",4572,21.2
"4076",4572,21.3
"4077",4573,NA
"4078",4573,20.5
"4079",4574,19.3
"4080",4574,18.3
"4081",4578,NA
"4082",4578,19.7
"4083",4579,19.8
"4084",4579,19.4
"4085",4580,17.3
"4086",4580,19.4
"4087",4582,20.7
"4088",4582,20.6
"4089",4583,20.3
"4090",4583,20
"4091",4585,19.6
"4092",4585,19.9
"4093",4586,20
"4094",4586,20.1
"4095",4589,NA
"4096",4589,19.7
"4097",4592,18.5
"4098",4593,19.4
"4099",4595,19.9
"4100",4595,19.7
"4101",4595,19.8
"4102",4597,20.2
"4103",4597,19.7
"4104",4598,NA
"4105",4598,19.8
"4106",4599,18.5
"4107",4599,18.7
"4108",4601,19.4
"4109",4601,19.5
"4110",4602,NA
"4111",4604,19.3
"4112",4604,NA
"4113",4605,21.1
"4114",4607,18.9
"4115",4607,18.4
"4116",4608,19.2
"4117",4608,19.2
"4118",4609,19.2
"4119",4615,18.8
"4120",4617,20.6
"4121",4627,18.6
"4122",4627,18.5
"4123",4628,19.1
"4124",4628,18.8
"4125",4629,19.1
"4126",4630,19.5
"4127",4630,19.3
"4128",4631,19.8
"4129",4631,20
"4130",4645,19.3
"4131",4650,20.2
"4132",4651,19.2
"4133",4651,19
"4134",4652,21.1
"4135",4653,20.1
"4136",4653,19.9
"4137",4656,19.7
"4138",4656,19.6
"4139",4657,18.8
"4140",4658,20.6
"4141",4660,19
"4142",4662,19.9
"4143",4663,19.5
"4144",4663,19.4
"4145",4672,21
"4146",4672,21
"4147",4676,20.8
"4148",4676,20.6
"4149",4677,19.6
"4150",4678,20.2
"4151",4680,19.8
"4152",4680,20.1
"4153",4681,19.3
"4154",4681,19.5
"4155",4687,20.6
"4156",4692,20.1
"4157",4693,19.4
"4158",4696,20.2
"4159",4697,18.9
"4160",4700,18.8
"4161",4700,18.8
"4162",4704,20.4
"4163",4705,19.6
"4164",4709,19
"4165",4713,19.7
"4166",4716,20.4
"4167",4717,19.7
"4168",4720,19.2
"4169",4722,20
"4170",4723,17.9
"4171",4727,20.1
"4172",4808,20
"4173",4810,19
"4174",4822,20
"4175",4824,19.9
"4176",4827,20.2
"4177",4830,20.7
"4178",4831,20.4
"4179",4833,20.5
"4180",4834,20.1
"4181",4838,20.1
"4182",4839,19.6
"4183",4839,19.6
"4184",4840,19.6
